{"cameraMode":{"drawMode":0,"name":"Shaded","section":"Shading Mode"},"sceneLighting":false,"audioPlay":false,"sceneViewState":{"showFog":true,"showMaterialUpdate":false,"showSkybox":false,"showFlares":true,"showImageEffects":true,"showParticleSystems":true},"in2DMode":false,"pivot":{"x":1.6435561180114747,"y":0.8598616719245911,"z":7.118261337280273},"rotation":{"x":0.06751662492752075,"y":-0.5035604238510132,"z":0.03951547294855118,"w":0.8604164123535156},"size":1.9902865886688233,"orthographic":false}