{"cameraMode":{"drawMode":0,"name":"Shaded","section":"Shading Mode"},"sceneLighting":false,"audioPlay":false,"sceneViewState":{"showFog":true,"showMaterialUpdate":false,"showSkybox":false,"showFlares":true,"showImageEffects":true,"showParticleSystems":true},"in2DMode":false,"pivot":{"x":-0.04876589775085449,"y":0.5244637727737427,"z":-6.541871070861816},"rotation":{"x":0.17213492095470429,"y":0.6574181914329529,"z":-0.1579640656709671,"w":0.7163947224617004},"size":3.851191520690918,"orthographic":false}